gemeratopm, max, min, mean, standev
0, 13.200000, 13.200000, 13.200000, 0.000000
