gemeratopm, max, min, mean, standev
0, 0.826667, 0.826667, 0.826667, 0.000000
