gemeratopm, max, min, mean, standev
0, 61.250000, 61.250000, 61.250000, 0.000000
