gemeratopm, max, min, mean, standev
1, 0.333333, 0.133333, 0.240741, 0.102720
2, 0.333333, 0.088889, 0.185185, 0.130210
