gemeratopm, max, min, mean, standev
1, 1.000000, 0.000000, 0.555556, 0.501848
2, 1.000000, 0.000000, 0.333333, 0.577350
