gemeratopm, max, min, mean, standev
1, 5.000000, 2.000000, 3.500000, 1.643168
2, 5.000000, 1.000000, 2.666667, 2.081666
