gemeratopm, max, min, mean, standev
1, 2.000000, 1.000000, 1.500000, 0.547723
2, 2.000000, 0.000000, 1.000000, 1.000000
