gemeratopm, max, min, mean, standev
1, 10.000000, 3.000000, 7.000000, 3.346640
2, 10.000000, 4.000000, 6.000000, 3.464102
