gemeratopm, max, min, mean, standev
0, 131.000000, 131.000000, 131.000000, 0.000000
