gemeratopm, max, min, mean, standev
0, 63.550000, 63.550000, 63.550000, 0.000000
