gemeratopm, max, min, mean, standev
0, 5.450000, 5.450000, 5.450000, 0.000000
