gemeratopm, max, min, mean, standev
0, 62.300000, 62.300000, 62.300000, 0.000000
