gemeratopm, max, min, mean, standev
0, 0.063333, 0.063333, 0.063333, 0.000000
