gemeratopm, max, min, mean, standev
0, 130.000000, 130.000000, 130.000000, 0.000000
