gemeratopm, max, min, mean, standev
0, 0.066667, 0.066667, 0.066667, 0.000000
