gemeratopm, max, min, mean, standev
0, 7.750000, 7.750000, 7.750000, 0.000000
