gemeratopm, max, min, mean, standev
1, 2516.000000, 1819.000000, 2119.166667, 283.115818
2, 2384.000000, 1833.000000, 2109.333333, 275.503781
