gemeratopm, max, min, mean, standev
0, 64.200000, 64.200000, 64.200000, 0.000000
