gemeratopm, max, min, mean, standev
0, 7.800000, 7.800000, 7.800000, 0.000000
