gemeratopm, max, min, mean, standev
0, 6.750000, 6.750000, 6.750000, 0.000000
