gemeratopm, max, min, mean, standev
0, 0.133333, 0.133333, 0.133333, 0.000000
