gemeratopm, max, min, mean, standev
0, 20.000000, 20.000000, 20.000000, 0.000000
