gemeratopm, max, min, mean, standev
0, 10.150000, 10.150000, 10.150000, 0.000000
