gemeratopm, max, min, mean, standev
0, 63.350000, 63.350000, 63.350000, 0.000000
