gemeratopm, max, min, mean, standev
0, 25.000000, 25.000000, 25.000000, 0.000000
