gemeratopm, max, min, mean, standev
0, 0.803333, 0.803333, 0.803333, 0.000000
