gemeratopm, max, min, mean, standev
0, 0.113333, 0.113333, 0.113333, 0.000000
