gemeratopm, max, min, mean, standev
0, 17.000000, 17.000000, 17.000000, 0.000000
