gemeratopm, max, min, mean, standev
0, 63.100000, 63.100000, 63.100000, 0.000000
