gemeratopm, max, min, mean, standev
0, 23.000000, 23.000000, 23.000000, 0.000000
