gemeratopm, max, min, mean, standev
0, 11.350000, 11.350000, 11.350000, 0.000000
