gemeratopm, max, min, mean, standev
0, 65.450000, 65.450000, 65.450000, 0.000000
