gemeratopm, max, min, mean, standev
0, 5.950000, 5.950000, 5.950000, 0.000000
