gemeratopm, max, min, mean, standev
0, 0.880000, 0.880000, 0.880000, 0.000000
