gemeratopm, max, min, mean, standev
0, 68.650000, 68.650000, 68.650000, 0.000000
