gemeratopm, max, min, mean, standev
0, 0.096667, 0.096667, 0.096667, 0.000000
