gemeratopm, max, min, mean, standev
0, 37.000000, 37.000000, 37.000000, 0.000000
