gemeratopm, max, min, mean, standev
0, 18.500000, 18.500000, 18.500000, 0.000000
