gemeratopm, max, min, mean, standev
0, 125.000000, 125.000000, 125.000000, 0.000000
