gemeratopm, max, min, mean, standev
0, 0.830000, 0.830000, 0.830000, 0.000000
