gemeratopm, max, min, mean, standev
0, 66.050000, 66.050000, 66.050000, 0.000000
