gemeratopm, max, min, mean, standev
0, 0.816667, 0.816667, 0.816667, 0.000000
