gemeratopm, max, min, mean, standev
0, 64.050000, 64.050000, 64.050000, 0.000000
