gemeratopm, max, min, mean, standev
0, 0.103333, 0.103333, 0.103333, 0.000000
