gemeratopm, max, min, mean, standev
0, 14.000000, 14.000000, 14.000000, 0.000000
