gemeratopm, max, min, mean, standev
0, 5.600000, 5.600000, 5.600000, 0.000000
