gemeratopm, max, min, mean, standev
0, 59.800000, 59.800000, 59.800000, 0.000000
