gemeratopm, max, min, mean, standev
0, 13.000000, 13.000000, 13.000000, 0.000000
