gemeratopm, max, min, mean, standev
0, 0.836667, 0.836667, 0.836667, 0.000000
