gemeratopm, max, min, mean, standev
0, 132.000000, 132.000000, 132.000000, 0.000000
