gemeratopm, max, min, mean, standev
0, 65.400000, 65.400000, 65.400000, 0.000000
