gemeratopm, max, min, mean, standev
0, 0.106667, 0.106667, 0.106667, 0.000000
