gemeratopm, max, min, mean, standev
0, 6.950000, 6.950000, 6.950000, 0.000000
