gemeratopm, max, min, mean, standev
0, 123.000000, 123.000000, 123.000000, 0.000000
