gemeratopm, max, min, mean, standev
0, 0.183333, 0.183333, 0.183333, 0.000000
