gemeratopm, max, min, mean, standev
0, 12.350000, 12.350000, 12.350000, 0.000000
