gemeratopm, max, min, mean, standev
0, 11.250000, 11.250000, 11.250000, 0.000000
