gemeratopm, max, min, mean, standev
0, 0.110000, 0.110000, 0.110000, 0.000000
