gemeratopm, max, min, mean, standev
0, 10.350000, 10.350000, 10.350000, 0.000000
