gemeratopm, max, min, mean, standev
0, 124.000000, 124.000000, 124.000000, 0.000000
