gemeratopm, max, min, mean, standev
0, 59.500000, 59.500000, 59.500000, 0.000000
