gemeratopm, max, min, mean, standev
0, 135.000000, 135.000000, 135.000000, 0.000000
