gemeratopm, max, min, mean, standev
0, 0.796667, 0.796667, 0.796667, 0.000000
