gemeratopm, max, min, mean, standev
0, 60.050000, 60.050000, 60.050000, 0.000000
