gemeratopm, max, min, mean, standev
0, 9.800000, 9.800000, 9.800000, 0.000000
