gemeratopm, max, min, mean, standev
0, 11.550000, 11.550000, 11.550000, 0.000000
