gemeratopm, max, min, mean, standev
0, 0.136667, 0.136667, 0.136667, 0.000000
