gemeratopm, max, min, mean, standev
0, 10.500000, 10.500000, 10.500000, 0.000000
