gemeratopm, max, min, mean, standev
0, 60.650000, 60.650000, 60.650000, 0.000000
