gemeratopm, max, min, mean, standev
0, 24.000000, 24.000000, 24.000000, 0.000000
