gemeratopm, max, min, mean, standev
0, 140.000000, 140.000000, 140.000000, 0.000000
