gemeratopm, max, min, mean, standev
0, 0.810000, 0.810000, 0.810000, 0.000000
