gemeratopm, max, min, mean, standev
0, 0.226667, 0.226667, 0.226667, 0.000000
