gemeratopm, max, min, mean, standev
0, 64.650000, 64.650000, 64.650000, 0.000000
