gemeratopm, max, min, mean, standev
0, 63.250000, 63.250000, 63.250000, 0.000000
