gemeratopm, max, min, mean, standev
0, 0.006667, 0.006667, 0.006667, 0.000000
