gemeratopm, max, min, mean, standev
1, 0.044444, 0.000000, 0.029630, 0.022951
2, 0.044444, 0.044444, 0.044444, 0.000000
3, 0.044444, 0.044444, 0.044444, 0.000000
