gemeratopm, max, min, mean, standev
0, 0.783333, 0.783333, 0.783333, 0.000000
