gemeratopm, max, min, mean, standev
0, 58.650000, 58.650000, 58.650000, 0.000000
