gemeratopm, max, min, mean, standev
0, 0.153333, 0.153333, 0.153333, 0.000000
