gemeratopm, max, min, mean, standev
0, 0.146667, 0.146667, 0.146667, 0.000000
