gemeratopm, max, min, mean, standev
0, 0.210000, 0.210000, 0.210000, 0.000000
