gemeratopm, max, min, mean, standev
0, 36.000000, 36.000000, 36.000000, 0.000000
