gemeratopm, max, min, mean, standev
0, 15.000000, 15.000000, 15.000000, 0.000000
