gemeratopm, max, min, mean, standev
0, 0.793333, 0.793333, 0.793333, 0.000000
