gemeratopm, max, min, mean, standev
0, 64.550000, 64.550000, 64.550000, 0.000000
