gemeratopm, max, min, mean, standev
0, 0.126667, 0.126667, 0.126667, 0.000000
