gemeratopm, max, min, mean, standev
0, 4.450000, 4.450000, 4.450000, 0.000000
