gemeratopm, max, min, mean, standev
0, 26.000000, 26.000000, 26.000000, 0.000000
