gemeratopm, max, min, mean, standev
1, 0.488889, 0.044444, 0.259259, 0.174224
2, 0.488889, 0.222222, 0.385185, 0.142869
3, 0.488889, 0.222222, 0.400000, 0.153960
