gemeratopm, max, min, mean, standev
1, 1.666667, 0.000000, 0.611111, 0.712325
2, 1.666667, 0.333333, 1.111111, 0.693889
3, 1.666667, 0.333333, 1.222222, 0.769800
