gemeratopm, max, min, mean, standev
1, 7.000000, 0.000000, 3.500000, 2.588436
2, 7.000000, 3.000000, 5.333333, 2.081666
3, 7.000000, 3.000000, 5.666667, 2.309401
