gemeratopm, max, min, mean, standev
1, 2.000000, 0.000000, 1.166667, 0.752773
2, 2.000000, 1.000000, 1.666667, 0.577350
3, 2.000000, 1.000000, 1.666667, 0.577350
