gemeratopm, max, min, mean, standev
1, 18.000000, 0.000000, 8.333333, 7.089899
2, 18.000000, 6.000000, 13.333333, 6.429101
3, 18.000000, 6.000000, 14.000000, 6.928203
