gemeratopm, max, min, mean, standev
0, 10.650000, 10.650000, 10.650000, 0.000000
