gemeratopm, max, min, mean, standev
0, 60.700000, 60.700000, 60.700000, 0.000000
