gemeratopm, max, min, mean, standev
0, 63.850000, 63.850000, 63.850000, 0.000000
