gemeratopm, max, min, mean, standev
0, 18.100000, 18.100000, 18.100000, 0.000000
